郵便番号,地域,店名,距離km,期間,駐車場,台数,駐車場メモ,緯度,経度,チラシURL
8590401,〒859-0401 長崎県諫早市多良見町化屋,ドラッグストアコスモス 多良見店,1,10/2〜10/15,,,,32.8296686,129.9815816,https://tokubai.co.jp/%E3%83%89%E3%83%A9%E3%83%83%E3%82%B0%E3%82%B9%E3%83%88%E3%82%A2%E3%82%B3%E3%82%B9%E3%83%A2%E3%82%B9/170447/leaflets/105674303
8590401,〒859-0401 長崎県諫早市多良見町化屋,ダイレックス 多良見店,1.1,10/7〜10/12,あり,,,32.8312058,129.9889781,https://tokubai.co.jp/%E3%83%80%E3%82%A4%E3%83%AC%E3%83%83%E3%82%AF%E3%82%B9/259452/leaflets/106631411
8590401,〒859-0401 長崎県諫早市多良見町化屋,ドラッグストアモリ アクロスプラザ諫早店,1.2,10/4〜10/10,あり,,,32.8270997,129.9976203,https://tokubai.co.jp/%E3%83%89%E3%83%A9%E3%83%83%E3%82%B0%E3%82%B9%E3%83%88%E3%82%A2%E3%83%A2%E3%83%AA/36043/leaflets/106598982
8590401,〒859-0401 長崎県諫早市多良見町化屋,マルキョウ 久山台店,1.2,10/7〜10/13,あり,100,,32.8286991,129.9961267,https://www.shufoo.net/pntweb/shopDetail/291147/79469353161320/
8590401,〒859-0401 長崎県諫早市多良見町化屋,ユニクロ アクロスプラザ諫早店,1.3,10/9〜10/15,,,,32.8279933,129.997932,https://tokubai.co.jp/%E3%83%A6%E3%83%8B%E3%82%AF%E3%83%AD/87667/leaflets/106975940
8590401,〒859-0401 長崎県諫早市多良見町化屋,マックスバリュ 長崎インター店,2.2,10/8〜10/12,,,,32.813256,129.964914,https://tokubai.co.jp/%E3%83%9E%E3%83%83%E3%82%AF%E3%82%B9%E3%83%90%E3%83%AA%E3%83%A5/14488/leaflets/106792267
8590401,〒859-0401 長崎県諫早市多良見町化屋,しまむら 多良見店,2.3,10/7〜10/12,,,,32.8123357,129.965053,https://tokubai.co.jp/%E3%81%97%E3%81%BE%E3%82%80%E3%82%89/88455/leaflets/106833974
8590401,〒859-0401 長崎県諫早市多良見町化屋,業務スーパー 長崎多良見店,2.5,10/1〜10/31,あり,,,32.80762,129.9656,https://tokubai.co.jp/%E6%A5%AD%E5%8B%99%E3%82%B9%E3%83%BC%E3%83%91%E3%83%BC/263610/leaflets/105608629
8590401,〒859-0401 長崎県諫早市多良見町化屋,ガッツ まつもとくん,2.9,10/10〜10/16,あり,20,,32.8062847,129.9609791,https://tokubai.co.jp/%E3%82%AC%E3%83%83%E3%83%84/258590/leaflets/107015251
8590401,〒859-0401 長崎県諫早市多良見町化屋,ダイレックス 西諫早店,3.4,10/8〜10/11,あり,,,32.84073675,130.0149614,https://tokubai.co.jp/%E3%83%80%E3%82%A4%E3%83%AC%E3%83%83%E3%82%AF%E3%82%B9/278880/leaflets/106631703
8590401,〒859-0401 長崎県諫早市多良見町化屋,ドラッグストアコスモス 貝津店,3.4,10/2〜10/15,あり,,,32.8412757,130.0137457,https://tokubai.co.jp/%E3%83%89%E3%83%A9%E3%83%83%E3%82%B0%E3%82%B9%E3%83%88%E3%82%A2%E3%82%B3%E3%82%B9%E3%83%A2%E3%82%B9/279925/leaflets/105676198
8590401,〒859-0401 長崎県諫早市多良見町化屋,マックスバリュ 溝陸店,4.1,10/8〜10/12,,,,32.85087,130.013139,https://tokubai.co.jp/%E3%83%9E%E3%83%83%E3%82%AF%E3%82%B9%E3%83%90%E3%83%AA%E3%83%A5/14481/leaflets/106792243
8590401,〒859-0401 長崎県諫早市多良見町化屋,ドラッグストアモリ 大村溝陸店,4.1,10/4〜10/10,あり,,,32.8515374,130.011026,https://tokubai.co.jp/%E3%83%89%E3%83%A9%E3%83%83%E3%82%B0%E3%82%B9%E3%83%88%E3%82%A2%E3%83%A2%E3%83%AA/36065/leaflets/106599022
8590401,〒859-0401 長崎県諫早市多良見町化屋,ドラッグストアコスモス 溝陸店,4.2,10/2〜10/15,あり,,,32.85337928,130.0104906,https://tokubai.co.jp/%E3%83%89%E3%83%A9%E3%83%83%E3%82%B0%E3%82%B9%E3%83%88%E3%82%A2%E3%82%B3%E3%82%B9%E3%83%A2%E3%82%B9/29155/leaflets/105675554
8590401,〒859-0401 長崎県諫早市多良見町化屋,ワークマンプラス 長崎北矢上店,5.3,10/9〜10/12,,,,32.7866479,129.9472522,https://tokubai.co.jp/%E3%83%AF%E3%83%BC%E3%82%AF%E3%83%9E%E3%83%B3%E3%83%97%E3%83%A9%E3%82%B9/265354/leaflets/106813511
8590401,〒859-0401 長崎県諫早市多良見町化屋,マックスバリュ 諫早西部台店,5.4,10/8〜10/12,あり,,,32.857807,130.024426,https://tokubai.co.jp/%E3%83%9E%E3%83%83%E3%82%AF%E3%82%B9%E3%83%90%E3%83%AA%E3%83%A5/175394/leaflets/106792229
8590401,〒859-0401 長崎県諫早市多良見町化屋,エレナ 矢上店,6.1,10/6〜10/11,あり,167,,32.774296,129.952222,https://tokubai.co.jp/%E3%82%A8%E3%83%AC%E3%83%8A/32752/leaflets/106100881
8590401,〒859-0401 長崎県諫早市多良見町化屋,ダイレックス 東長崎店,6.1,10/7〜10/12,あり,,,32.7766977,129.949358,https://tokubai.co.jp/%E3%83%80%E3%82%A4%E3%83%AC%E3%83%83%E3%82%AF%E3%82%B9/33182/leaflets/106631318
8590401,〒859-0401 長崎県諫早市多良見町化屋,イオン 東長崎店,6.7,10/9〜10/12,あり,,,32.768463,129.952355,https://tokubai.co.jp/%E3%82%A4%E3%82%AA%E3%83%B3/14854/leaflets/106859812
8590401,〒859-0401 長崎県諫早市多良見町化屋,マックスバリュ 諫早中央店,6.7,10/8〜10/12,,,,32.837093,130.055916,https://tokubai.co.jp/%E3%83%9E%E3%83%83%E3%82%AF%E3%82%B9%E3%83%90%E3%83%AA%E3%83%A5/14494/leaflets/106792217
8590401,〒859-0401 長崎県諫早市多良見町化屋,TRIAL smart 東長崎店,7.6,10/1〜10/31,,,,32.771126,129.931915,https://www.trial-net.co.jp/shops/761
8590401,〒859-0401 長崎県諫早市多良見町化屋,マルキョウ 東長崎店,7.7,10/7〜10/13,あり,60,,32.76088771,129.9466994,https://www.shufoo.net/pntweb/shopDetail/291121/50328053161315/
8590401,〒859-0401 長崎県諫早市多良見町化屋,エレナ 日見店,7.9,10/6〜10/11,あり,172,,32.759617,129.944594,https://tokubai.co.jp/%E3%82%A8%E3%83%AC%E3%83%8A/32751/leaflets/106100880
8590401,〒859-0401 長崎県諫早市多良見町化屋,ダイレックス 諫早幸町店,7.9,10/8〜10/11,あり,,,32.8377538,130.0687285,https://tokubai.co.jp/%E3%83%80%E3%82%A4%E3%83%AC%E3%83%83%E3%82%AF%E3%82%B9/226289/leaflets/106631709
8590401,〒859-0401 長崎県諫早市多良見町化屋,エレナ 久原店,8.4,10/6〜10/11,あり,134,,32.895445,129.968444,https://tokubai.co.jp/%E3%82%A8%E3%83%AC%E3%83%8A/32740/leaflets/106100872
8590401,〒859-0401 長崎県諫早市多良見町化屋,ダイレックス 東諫早店,8.5,10/8〜10/11,あり,,,32.85392485,130.0688085,https://tokubai.co.jp/%E3%83%80%E3%82%A4%E3%83%AC%E3%83%83%E3%82%AF%E3%82%B9/33196/leaflets/106631710
8590401,〒859-0401 長崎県諫早市多良見町化屋,ダイレックス 木場店,8.7,10/7〜10/12,あり,,,32.898677,129.974315,https://tokubai.co.jp/%E3%83%80%E3%82%A4%E3%83%AC%E3%83%83%E3%82%AF%E3%82%B9/33191/leaflets/106631382
8590401,〒859-0401 長崎県諫早市多良見町化屋,トライアル 諫早店,9.2,10/1〜10/31,,,,32.816788,130.084915,https://www.trial-net.co.jp/shops/331
8590401,〒859-0401 長崎県諫早市多良見町化屋,イオン 大村店,9.4,10/9〜10/12,あり,1400,無料駐車場完備,32.901345,129.953922,https://tokubai.co.jp/%E3%82%A4%E3%82%AA%E3%83%B3/14852/leaflets/106859917
8590401,〒859-0401 長崎県諫早市多良見町化屋,エレナ 長与店,9.7,10/6〜10/11,あり,80,,32.8184321,129.882495,https://tokubai.co.jp/%E3%82%A8%E3%83%AC%E3%83%8A/32746/leaflets/106100875
8540022,〒854-0022 長崎県諫早市幸町,ドラッグストアモリ 諫早幸町店,0.1,10/4〜10/10,あり,,,32.8384064,130.065605,https://tokubai.co.jp/%E3%83%89%E3%83%A9%E3%83%83%E3%82%B0%E3%82%B9%E3%83%88%E3%82%A2%E3%83%A2%E3%83%AA/36064/leaflets/106599024
8540022,〒854-0022 長崎県諫早市幸町,ダイレックス 諫早幸町店,0.2,10/8〜10/11,あり,,,32.8377538,130.0687285,https://tokubai.co.jp/%E3%83%80%E3%82%A4%E3%83%AC%E3%83%83%E3%82%AF%E3%82%B9/226289/leaflets/106631709
8540022,〒854-0022 長崎県諫早市幸町,ドラッグストアコスモス 幸町店,0.5,10/2〜10/15,あり,,,32.84150332,130.0626757,https://tokubai.co.jp/%E3%83%89%E3%83%A9%E3%83%83%E3%82%B0%E3%82%B9%E3%83%88%E3%82%A2%E3%82%B3%E3%82%B9%E3%83%A2%E3%82%B9/29055/leaflets/105674845
8540022,〒854-0022 長崎県諫早市幸町,サンドラッグ 諫早幸町店,0.6,10/6〜10/11,あり,,,32.83932,130.0607,https://tokubai.co.jp/%E3%82%B5%E3%83%B3%E3%83%89%E3%83%A9%E3%83%83%E3%82%B0/257656/leaflets/106615852
8540022,〒854-0022 長崎県諫早市幸町,ヤマダデンキ テックランド諫早店,0.6,10/10〜10/16,あり,,,32.843575,130.063606,https://tokubai.co.jp/%E3%83%A4%E3%83%9E%E3%83%80%E3%83%87%E3%83%B3%E3%82%AD/28316/leaflets/106998562
8540022,〒854-0022 長崎県諫早市幸町,マックスバリュ 諫早中央店,1.1,10/8〜10/12,,,,32.837093,130.055916,https://tokubai.co.jp/%E3%83%9E%E3%83%83%E3%82%AF%E3%82%B9%E3%83%90%E3%83%AA%E3%83%A5/14494/leaflets/106792217
8540022,〒854-0022 長崎県諫早市幸町,ドラッグストアコスモス 長野店,1.1,10/2〜10/15,あり,,,32.83448339,130.0778267,https://tokubai.co.jp/%E3%83%89%E3%83%A9%E3%83%83%E3%82%B0%E3%82%B9%E3%83%88%E3%82%A2%E3%82%B3%E3%82%B9%E3%83%A2%E3%82%B9/28980/leaflets/105676337
8540022,〒854-0022 長崎県諫早市幸町,ドラッグストアモリ 東諌早店,1.3,10/4〜10/10,あり,75,,32.8492216,130.0617482,https://tokubai.co.jp/%E3%83%89%E3%83%A9%E3%83%83%E3%82%B0%E3%82%B9%E3%83%88%E3%82%A2%E3%83%A2%E3%83%AA/226194/leaflets/106599336
8540022,〒854-0022 長崎県諫早市幸町,ダイレックス 東諫早店,1.7,10/8〜10/11,あり,,,32.85392485,130.0688085,https://tokubai.co.jp/%E3%83%80%E3%82%A4%E3%83%AC%E3%83%83%E3%82%AF%E3%82%B9/33196/leaflets/106631710
8540022,〒854-0022 長崎県諫早市幸町,はるやま 諫早店,1.7,10/10〜10/16,あり,28,,32.8326879,130.050437,https://tokubai.co.jp/%E3%81%AF%E3%82%8B%E3%82%84%E3%81%BE/140366/leaflets/106997097
8540022,〒854-0022 長崎県諫早市幸町,ドラッグストアコスモス 東諫早店,1.7,10/2〜10/15,あり,,,32.85371183,130.0681075,https://tokubai.co.jp/%E3%83%89%E3%83%A9%E3%83%83%E3%82%B0%E3%82%B9%E3%83%88%E3%82%A2%E3%82%B3%E3%82%B9%E3%83%A2%E3%82%B9/28801/leaflets/105675247
8540022,〒854-0022 長崎県諫早市幸町,業務スーパー 諫早店,2,10/1〜10/31,あり,45,,32.8312246284569,130.047870252849,https://tokubai.co.jp/%E6%A5%AD%E5%8B%99%E3%82%B9%E3%83%BC%E3%83%91%E3%83%BC/366251/leaflets/105608691
8540022,〒854-0022 長崎県諫早市幸町,HIヒロセ スーパーコンボ諫早BP店,2.1,10/8〜10/14,あり,,,32.83301265,130.0459265,https://tokubai.co.jp/HI%E3%83%92%E3%83%AD%E3%82%BB/81798/leaflets/106606341
8540022,〒854-0022 長崎県諫早市幸町,サンドラッグ 諫早店,3,10/6〜10/11,あり,,,32.85247,130.0395,https://tokubai.co.jp/%E3%82%B5%E3%83%B3%E3%83%89%E3%83%A9%E3%83%83%E3%82%B0/193311/leaflets/106615795
8540022,〒854-0022 長崎県諫早市幸町,トライアル 諫早店,3,10/1〜10/31,,,,32.816788,130.084915,https://www.trial-net.co.jp/shops/331
8540022,〒854-0022 長崎県諫早市幸町,マックスバリュ 諫早西部台店,4.5,10/8〜10/12,あり,,,32.857807,130.024426,https://tokubai.co.jp/%E3%83%9E%E3%83%83%E3%82%AF%E3%82%B9%E3%83%90%E3%83%AA%E3%83%A5/175394/leaflets/106792229
8540022,〒854-0022 長崎県諫早市幸町,ダイレックス 西諫早店,4.9,10/8〜10/11,あり,,,32.84073675,130.0149614,https://tokubai.co.jp/%E3%83%80%E3%82%A4%E3%83%AC%E3%83%83%E3%82%AF%E3%82%B9/278880/leaflets/106631703
8540022,〒854-0022 長崎県諫早市幸町,ドラッグストアコスモス 貝津店,5,10/2〜10/15,あり,,,32.8412757,130.0137457,https://tokubai.co.jp/%E3%83%89%E3%83%A9%E3%83%83%E3%82%B0%E3%82%B9%E3%83%88%E3%82%A2%E3%82%B3%E3%82%B9%E3%83%A2%E3%82%B9/279925/leaflets/105676198
8540022,〒854-0022 長崎県諫早市幸町,マックスバリュ 溝陸店,5.2,10/8〜10/12,,,,32.85087,130.013139,https://tokubai.co.jp/%E3%83%9E%E3%83%83%E3%82%AF%E3%82%B9%E3%83%90%E3%83%AA%E3%83%A5/14481/leaflets/106792243
8540022,〒854-0022 長崎県諫早市幸町,しまむら 諫早西店,5.3,10/7〜10/12,,,,32.8515644,130.012992,https://tokubai.co.jp/%E3%81%97%E3%81%BE%E3%82%80%E3%82%89/87793/leaflets/106833335
8540022,〒854-0022 長崎県諫早市幸町,ドラッグストアモリ 大村溝陸店,5.4,10/4〜10/10,あり,,,32.8515374,130.011026,https://tokubai.co.jp/%E3%83%89%E3%83%A9%E3%83%83%E3%82%B0%E3%82%B9%E3%83%88%E3%82%A2%E3%83%A2%E3%83%AA/36065/leaflets/106599022
8540022,〒854-0022 長崎県諫早市幸町,ドラッグストアコスモス 溝陸店,5.5,10/2〜10/15,あり,,,32.85337928,130.0104906,https://tokubai.co.jp/%E3%83%89%E3%83%A9%E3%83%83%E3%82%B0%E3%82%B9%E3%83%88%E3%82%A2%E3%82%B3%E3%82%B9%E3%83%A2%E3%82%B9/29155/leaflets/105675554
8540022,〒854-0022 長崎県諫早市幸町,ユニクロ アクロスプラザ諫早店,6.6,10/9〜10/15,,,,32.8279933,129.997932,https://tokubai.co.jp/%E3%83%A6%E3%83%8B%E3%82%AF%E3%83%AD/87667/leaflets/106975940
8540022,〒854-0022 長崎県諫早市幸町,ドラッグストアモリ アクロスプラザ諫早店,6.6,10/4〜10/10,あり,,,32.8270997,129.9976203,https://tokubai.co.jp/%E3%83%89%E3%83%A9%E3%83%83%E3%82%B0%E3%82%B9%E3%83%88%E3%82%A2%E3%83%A2%E3%83%AA/36043/leaflets/106598982
8540022,〒854-0022 長崎県諫早市幸町,マルキョウ 久山台店,6.7,10/7〜10/13,あり,100,,32.8286991,129.9961267,https://www.shufoo.net/pntweb/shopDetail/291147/79469353161320/
8540022,〒854-0022 長崎県諫早市幸町,ダイレックス 多良見店,7.3,10/7〜10/12,あり,,,32.8312058,129.9889781,https://tokubai.co.jp/%E3%83%80%E3%82%A4%E3%83%AC%E3%83%83%E3%82%AF%E3%82%B9/259452/leaflets/106631411
8540022,〒854-0022 長崎県諫早市幸町,ドラッグストアコスモス 多良見店,8.1,10/2〜10/15,,,,32.8296686,129.9815816,https://tokubai.co.jp/%E3%83%89%E3%83%A9%E3%83%83%E3%82%B0%E3%82%B9%E3%83%88%E3%82%A2%E3%82%B3%E3%82%B9%E3%83%A2%E3%82%B9/170447/leaflets/105674303
8540022,〒854-0022 長崎県諫早市幸町,マルキョウ 愛野店,8.3,10/7〜10/13,あり,61,,32.81312791,130.150539,https://www.shufoo.net/pntweb/shopDetail/291136/
8540022,〒854-0022 長崎県諫早市幸町,マックスバリュ 長崎インター店,10,10/8〜10/12,,,,32.813256,129.964914,https://tokubai.co.jp/%E3%83%9E%E3%83%83%E3%82%AF%E3%82%B9%E3%83%90%E3%83%AA%E3%83%A5/14488/leaflets/106792267
8560834,〒856-0834 長崎県大村市玖島,イオン 大村店,0.5,10/9〜10/12,あり,1400,無料駐車場完備,32.901345,129.953922,https://tokubai.co.jp/%E3%82%A4%E3%82%AA%E3%83%B3/14852/leaflets/106859917
8560834,〒856-0834 長崎県大村市玖島,ヤマダデンキ テックランド大村店,0.6,10/10〜10/16,あり,,,32.902437,129.956675,https://tokubai.co.jp/%E3%83%A4%E3%83%9E%E3%83%80%E3%83%87%E3%83%B3%E3%82%AD/28102/leaflets/106998556
8560834,〒856-0834 長崎県大村市玖島,ドラッグストアコスモス 大村幸町店,0.7,10/2〜10/15,あり,,,32.9034002,129.9567536,https://tokubai.co.jp/%E3%83%89%E3%83%A9%E3%83%83%E3%82%B0%E3%82%B9%E3%83%88%E3%82%A2%E3%82%B3%E3%82%B9%E3%83%A2%E3%82%B9/258568/leaflets/105674379
8560834,〒856-0834 長崎県大村市玖島,サンドラッグ 大村店,1,10/6〜10/11,あり,,,32.9068,129.9572,https://tokubai.co.jp/%E3%82%B5%E3%83%B3%E3%83%89%E3%83%A9%E3%83%83%E3%82%B0/257657/leaflets/106615858
8560834,〒856-0834 長崎県大村市玖島,エレナ 久原店,1.2,10/6〜10/11,あり,134,,32.895445,129.968444,https://tokubai.co.jp/%E3%82%A8%E3%83%AC%E3%83%8A/32740/leaflets/106100872
8560834,〒856-0834 長崎県大村市玖島,エレナ 大村中央店,1.6,10/6〜10/11,あり,380,,32.9118408,129.952426,https://tokubai.co.jp/%E3%82%A8%E3%83%AC%E3%83%8A/32739/leaflets/106100871
8560834,〒856-0834 長崎県大村市玖島,ドラッグストアモリ 大村駅前店,1.6,10/4〜10/10,あり,75,,32.9112139,129.9619018,https://tokubai.co.jp/%E3%83%89%E3%83%A9%E3%83%83%E3%82%B0%E3%82%B9%E3%83%88%E3%82%A2%E3%83%A2%E3%83%AA/279223/leaflets/106599509
8560834,〒856-0834 長崎県大村市玖島,ダイレックス 木場店,1.7,10/7〜10/12,あり,,,32.898677,129.974315,https://tokubai.co.jp/%E3%83%80%E3%82%A4%E3%83%AC%E3%83%83%E3%82%AF%E3%82%B9/33191/leaflets/106631382
8560834,〒856-0834 長崎県大村市玖島,ドラッグストアコスモス 大村店,2,10/2〜10/15,あり,,,32.91432387,129.9474093,https://tokubai.co.jp/%E3%83%89%E3%83%A9%E3%83%83%E3%82%B0%E3%82%B9%E3%83%88%E3%82%A2%E3%82%B3%E3%82%B9%E3%83%A2%E3%82%B9/28880/leaflets/105674387
8560834,〒856-0834 長崎県大村市玖島,ユニクロ 大村松並店,2.6,10/9〜10/15,,,,32.9199889,129.94869,https://tokubai.co.jp/%E3%83%A6%E3%83%8B%E3%82%AF%E3%83%AD/87668/leaflets/106975941
8560834,〒856-0834 長崎県大村市玖島,トライアル 大村店,2.7,10/1〜10/31,,,,32.921116,129.947235,https://www.trial-net.co.jp/shops/96
8560834,〒856-0834 長崎県大村市玖島,マルキョウ 大村松並店,2.7,10/7〜10/13,,,,32.921116,129.947235,https://www.shufoo.net/pntweb/shopDetail/291138/83330753161308/
8560834,〒856-0834 長崎県大村市玖島,マックスバリュ 大村諏訪店,2.8,10/8〜10/12,,,,32.921084,129.966446,https://tokubai.co.jp/%E3%83%9E%E3%83%83%E3%82%AF%E3%82%B9%E3%83%90%E3%83%AA%E3%83%A5/14491/leaflets/106792273
8560834,〒856-0834 長崎県大村市玖島,マックスバリュ 空港通り店,3.6,10/8〜10/12,,,,32.928232,129.942747,https://tokubai.co.jp/%E3%83%9E%E3%83%83%E3%82%AF%E3%82%B9%E3%83%90%E3%83%AA%E3%83%A5/14489/leaflets/106792287
8560834,〒856-0834 長崎県大村市玖島,ワークマンプラス 大村店,3.6,9/30〜3/31,,,,32.9286927,129.9454921,https://tokubai.co.jp/%E3%83%AF%E3%83%BC%E3%82%AF%E3%83%9E%E3%83%B3%E3%83%97%E3%83%A9%E3%82%B9/265424/leaflets/106457256
8560834,〒856-0834 長崎県大村市玖島,ドラッグストアコスモス 池田店,3.7,10/2〜10/15,あり,,,32.92984844,129.963245,https://tokubai.co.jp/%E3%83%89%E3%83%A9%E3%83%83%E3%82%B0%E3%82%B9%E3%83%88%E3%82%A2%E3%82%B3%E3%82%B9%E3%83%A2%E3%82%B9/29319/leaflets/105675441
8560834,〒856-0834 長崎県大村市玖島,ダイレックス 大村店,3.9,10/7〜10/11,あり,,,32.92960115,129.938109,https://tokubai.co.jp/%E3%83%80%E3%82%A4%E3%83%AC%E3%83%83%E3%82%AF%E3%82%B9/33192/leaflets/106631664
8560834,〒856-0834 長崎県大村市玖島,ゆめマート 新大村店,4.1,10/8〜10/13,あり,110,,32.933958,129.9594259,https://tokubai.co.jp/%E3%82%86%E3%82%81%E3%83%9E%E3%83%BC%E3%83%88/267440/leaflets/106797673
8560834,〒856-0834 長崎県大村市玖島,しまむら 大村北店,4.1,10/7〜10/12,,,,32.9308757,129.936314,https://tokubai.co.jp/%E3%81%97%E3%81%BE%E3%82%80%E3%82%89/87950/leaflets/106833487
8560834,〒856-0834 長崎県大村市玖島,かとりストア 原口店,4.3,10/8〜10/11,あり,80,駐車料無料,32.935528,129.947388,https://tokubai.co.jp/%E3%81%8B%E3%81%A8%E3%82%8A%E3%82%B9%E3%83%88%E3%82%A2/269562/leaflets/106612526
8560834,〒856-0834 長崎県大村市玖島,業務スーパー 大村店,4.4,10/1〜10/31,あり,,,32.93422683,129.9373326,https://tokubai.co.jp/%E6%A5%AD%E5%8B%99%E3%82%B9%E3%83%BC%E3%83%91%E3%83%BC/290787/leaflets/105608667
8560834,〒856-0834 長崎県大村市玖島,エレナ 竹松店,5.3,10/6〜10/11,あり,127,,32.94448007,129.9482747,https://tokubai.co.jp/%E3%82%A8%E3%83%AC%E3%83%8A/32738/leaflets/106100870
8560834,〒856-0834 長崎県大村市玖島,サンドラッグ 富の原店,5.4,10/6〜10/11,あり,,,32.9432,129.9359,https://tokubai.co.jp/%E3%82%B5%E3%83%B3%E3%83%89%E3%83%A9%E3%83%83%E3%82%B0/20773/leaflets/106615668
8560834,〒856-0834 長崎県大村市玖島,ドラッグストアコスモス 宮小路店,6.4,10/2〜10/15,あり,,,32.95463278,129.9444161,https://tokubai.co.jp/%E3%83%89%E3%83%A9%E3%83%83%E3%82%B0%E3%82%B9%E3%83%88%E3%82%A2%E3%82%B3%E3%82%B9%E3%83%A2%E3%82%B9/29338/leaflets/105674590
8560834,〒856-0834 長崎県大村市玖島,マックスバリュ 溝陸店,7.4,10/8〜10/12,,,,32.85087,130.013139,https://tokubai.co.jp/%E3%83%9E%E3%83%83%E3%82%AF%E3%82%B9%E3%83%90%E3%83%AA%E3%83%A5/14481/leaflets/106792243
8560834,〒856-0834 長崎県大村市玖島,マックスバリュ 諫早西部台店,7.8,10/8〜10/12,あり,,,32.857807,130.024426,https://tokubai.co.jp/%E3%83%9E%E3%83%83%E3%82%AF%E3%82%B9%E3%83%90%E3%83%AA%E3%83%A5/175394/leaflets/106792229
8560834,〒856-0834 長崎県大村市玖島,ダイレックス 多良見店,8,10/7〜10/12,あり,,,32.8312058,129.9889781,https://tokubai.co.jp/%E3%83%80%E3%82%A4%E3%83%AC%E3%83%83%E3%82%AF%E3%82%B9/259452/leaflets/106631411
8560834,〒856-0834 長崎県大村市玖島,ダイレックス 西諫早店,8.4,10/8〜10/11,あり,,,32.84073675,130.0149614,https://tokubai.co.jp/%E3%83%80%E3%82%A4%E3%83%AC%E3%83%83%E3%82%AF%E3%82%B9/278880/leaflets/106631703
8560834,〒856-0834 長崎県大村市玖島,マルキョウ 久山台店,8.5,10/7〜10/13,あり,100,,32.8286991,129.9961267,https://www.shufoo.net/pntweb/shopDetail/291147/79469353161320/
8560834,〒856-0834 長崎県大村市玖島,マックスバリュ 長崎インター店,9.4,10/8〜10/12,,,,32.813256,129.964914,https://tokubai.co.jp/%E3%83%9E%E3%83%83%E3%82%AF%E3%82%B9%E3%83%90%E3%83%AA%E3%83%A5/14488/leaflets/106792267
1000005,〒100-0005 東京都千代田区丸の内,ユニクロ グランスタ東京店,0.1,10/9〜10/15,,,,35.6814247,139.7659944,https://tokubai.co.jp/%E3%83%A6%E3%83%8B%E3%82%AF%E3%83%AD/87176/leaflets/106975569
1000005,〒100-0005 東京都千代田区丸の内,成城石井 東京駅一番街店,0.2,10/9〜10/15,,,,35.68250696,139.7689214,https://tokubai.co.jp/%E6%88%90%E5%9F%8E%E7%9F%B3%E4%BA%95/259280/leaflets/106837937
1000005,〒100-0005 東京都千代田区丸の内,ヤマダデンキ LABI東京八重洲スクエア,0.3,10/10〜10/16,なし,,,35.682126,139.770568,https://tokubai.co.jp/%E3%83%A4%E3%83%9E%E3%83%80%E3%83%87%E3%83%B3%E3%82%AD/28590/leaflets/106998760
1000005,〒100-0005 東京都千代田区丸の内,オーケー 銀座店,0.9,10/5〜10/11,あり,,"お買上3,000円以上で1時間無料、5,000円以上で延長あり",35.67377677,139.7651261,https://tokubai.co.jp/%E3%82%AA%E3%83%BC%E3%82%B1%E3%83%BC/259937/leaflets/106606841
1000005,〒100-0005 東京都千代田区丸の内,肉のハナマサ 神田店,0.9,10/1〜10/15,なし,,,35.6896849198008,139.769905443526,https://tokubai.co.jp/%E8%82%89%E3%81%AE%E3%83%8F%E3%83%8A%E3%83%9E%E3%82%B5/21916/leaflets/106021231
1000005,〒100-0005 東京都千代田区丸の内,肉のハナマサ 新日本橋店,1.1,10/9〜10/14,なし,,,35.6890489,139.7750724,https://tokubai.co.jp/%E8%82%89%E3%81%AE%E3%83%8F%E3%83%8A%E3%83%9E%E3%82%B5/172406/leaflets/106863934
1000005,〒100-0005 東京都千代田区丸の内,マルエツプチ 人形町駅前店,1.5,10/6〜10/12,なし,,,35.6865736,139.7829508,https://tokubai.co.jp/%E3%83%9E%E3%83%AB%E3%82%A8%E3%83%84%E3%83%97%E3%83%81/949/leaflets/106758781
1000005,〒100-0005 東京都千代田区丸の内,オリンピック 淡路町店,1.8,10/6〜10/11,あり,55,,35.6973391,139.7679017,https://tokubai.co.jp/%E3%82%AA%E3%83%AA%E3%83%B3%E3%83%94%E3%83%83%E3%82%AF/9840/leaflets/106730758
1000005,〒100-0005 東京都千代田区丸の内,マルマンストア 日本橋馬喰町店,1.8,10/10〜10/13,なし,,,35.692534,139.78166,https://tokubai.co.jp/%E3%83%9E%E3%83%AB%E3%83%9E%E3%83%B3%E3%82%B9%E3%83%88%E3%82%A2/16534/leaflets/106751484
1000005,〒100-0005 東京都千代田区丸の内,ピーコックストア トルナーレ日本橋浜町店,1.9,10/1〜10/31,あり,33,,35.68467981,139.7880668,https://tokubai.co.jp/%E3%83%94%E3%83%BC%E3%82%B3%E3%83%83%E3%82%AF%E3%82%B9%E3%83%88%E3%82%A2/4673/leaflets/106116025
1000005,〒100-0005 東京都千代田区丸の内,全日食チェーン ニューみ乃り屋,1.9,10/1〜10/31,なし,,,35.665721,139.773859,https://tokubai.co.jp/%E5%85%A8%E6%97%A5%E9%A3%9F%E3%83%81%E3%82%A7%E3%83%BC%E3%83%B3/22764/leaflets/106413054
1000005,〒100-0005 東京都千代田区丸の内,マルエツ 佃店,2.2,10/9〜10/11,なし,,,35.66891388,139.7853382,https://tokubai.co.jp/%E3%83%9E%E3%83%AB%E3%82%A8%E3%83%84/4460/leaflets/106865102
1000005,〒100-0005 東京都千代田区丸の内,サミット 月島3丁目店,2.3,10/9〜10/12,なし,,,35.6629843,139.7794984,https://tokubai.co.jp/%E3%82%B5%E3%83%9F%E3%83%83%E3%83%88/372254/leaflets/106823766
1000005,〒100-0005 東京都千代田区丸の内,ライフ 神田和泉町店,2.3,10/9〜10/13,あり,12,"有料。お買上税込1,000円以上で2時間無料",35.69967403,139.7801319,https://tokubai.co.jp/%E3%83%A9%E3%82%A4%E3%83%95/2349/leaflets/106838388
1000005,〒100-0005 東京都千代田区丸の内,フードスタイル 月島店,2.4,10/1〜10/31,,,,35.6635368,139.7810068,https://tokubai.co.jp/%E3%83%95%E3%83%BC%E3%83%89%E3%82%B9%E3%82%BF%E3%82%A4%E3%83%AB/7949/leaflets/106116369
1000005,〒100-0005 東京都千代田区丸の内,文化堂 月島店,2.5,10/10〜10/16,なし,,,35.6633191,139.7840721,https://tokubai.co.jp/%E6%96%87%E5%8C%96%E5%A0%82/4107/leaflets/106796489
1000005,〒100-0005 東京都千代田区丸の内,文化堂 勝どき店,2.6,10/10〜10/16,なし,,,35.65967826,139.777644,https://tokubai.co.jp/%E6%96%87%E5%8C%96%E5%A0%82/4108/leaflets/106796512
1000005,〒100-0005 東京都千代田区丸の内,多慶屋 御徒町本店,3,10/9〜10/15,あり,30,,35.70700559,139.7769553,https://tokubai.co.jp/%E5%A4%9A%E6%85%B6%E5%B1%8B/9870/leaflets/106748360
1000005,〒100-0005 東京都千代田区丸の内,業務スーパー 上野広小路店,3,10/1〜10/31,なし,,,35.7083946,139.7717974,https://tokubai.co.jp/%E6%A5%AD%E5%8B%99%E3%82%B9%E3%83%BC%E3%83%91%E3%83%BC/290453/leaflets/105607357
1000005,〒100-0005 東京都千代田区丸の内,ライフ 本郷三丁目駅前店,3,10/1〜10/31,なし,,,35.70809176,139.7602911,https://tokubai.co.jp/%E3%83%A9%E3%82%A4%E3%83%95/226225/leaflets/106482397
1000005,〒100-0005 東京都千代田区丸の内,イオンフードスタイル 墨田横川店,5.2,10/10〜10/12,,,,35.70448,139.81797,https://tokubai.co.jp/%E3%82%A4%E3%82%AA%E3%83%B3%E3%83%95%E3%83%BC%E3%83%89%E3%82%B9%E3%82%BF%E3%82%A4%E3%83%AB/289312/leaflets/106840578
1000005,〒100-0005 東京都千代田区丸の内,イオンフードスタイル 西大島店,5.6,10/10〜10/12,,,,35.68909695,139.8289715,https://tokubai.co.jp/%E3%82%A4%E3%82%AA%E3%83%B3%E3%83%95%E3%83%BC%E3%83%89%E3%82%B9%E3%82%BF%E3%82%A4%E3%83%AB/366965/leaflets/106840542
1000005,〒100-0005 東京都千代田区丸の内,マックスバリュ エクスプレス亀戸センタープラザ店,5.9,10/1〜10/31,,,,35.6987371,139.8290162,https://tokubai.co.jp/%E3%83%9E%E3%83%83%E3%82%AF%E3%82%B9%E3%83%90%E3%83%AA%E3%83%A5/13266/leaflets/106116398
1000005,〒100-0005 東京都千代田区丸の内,イオン 葛西店,8.4,10/9〜10/31,あり,467,,35.66942374,139.8585693,https://tokubai.co.jp/%E3%82%A4%E3%82%AA%E3%83%B3/6764/leaflets/107014054
1000005,〒100-0005 東京都千代田区丸の内,マックスバリュ エクスプレス船堀駅前店,8.9,10/1〜10/31,,,,35.6833555,139.8661859,https://tokubai.co.jp/%E3%83%9E%E3%83%83%E3%82%AF%E3%82%B9%E3%83%90%E3%83%AA%E3%83%A5/13256/leaflets/106116395
1000005,〒100-0005 東京都千代田区丸の内,マックスバリュ エクスプレス松島店,9.2,10/1〜10/31,,,,35.703865,139.865327,https://tokubai.co.jp/%E3%83%9E%E3%83%83%E3%82%AF%E3%82%B9%E3%83%90%E3%83%AA%E3%83%A5/13253/leaflets/106146371
8112221,〒811-2221 福岡県糟屋郡須惠町旅石,ドラッグストアコスモス 須恵店,0.1,10/2〜10/15,あり,,,33.58861466,130.4980822,https://tokubai.co.jp/%E3%83%89%E3%83%A9%E3%83%83%E3%82%B0%E3%82%B9%E3%83%88%E3%82%A2%E3%82%B3%E3%82%B9%E3%83%A2%E3%82%B9/29274/leaflets/105676415
8112221,〒811-2221 福岡県糟屋郡須惠町旅石,トライアル 須恵店,0.5,10/1〜10/31,,,,33.59227,130.494705,https://www.trial-net.co.jp/shops/473/
8112221,〒811-2221 福岡県糟屋郡須惠町旅石,ドラッグストアモリ 須恵店,0.6,10/4〜10/10,あり,,,33.5923589,130.4933533,https://tokubai.co.jp/%E3%83%89%E3%83%A9%E3%83%83%E3%82%B0%E3%82%B9%E3%83%88%E3%82%A2%E3%83%A2%E3%83%AA/35922/leaflets/106598769
8112221,〒811-2221 福岡県糟屋郡須惠町旅石,マルキョウ 志免店,1.4,10/7〜10/13,,,,33.578258701,130.4881139869,https://www.shufoo.net/pntweb/shopDetail/291156/75464253161275/
8112221,〒811-2221 福岡県糟屋郡須惠町旅石,ダイレックス 宇美店,1.5,10/7〜10/11,あり,,,33.575214,130.502319,https://tokubai.co.jp/%E3%83%80%E3%82%A4%E3%83%AC%E3%83%83%E3%82%AF%E3%82%B9/33128/leaflets/106631607
8112221,〒811-2221 福岡県糟屋郡須惠町旅石,サンドラッグ 志免店,1.6,10/6〜10/11,あり,,,33.58402,130.481,https://tokubai.co.jp/%E3%82%B5%E3%83%B3%E3%83%89%E3%83%A9%E3%83%83%E3%82%B0/20768/leaflets/106615645
8112221,〒811-2221 福岡県糟屋郡須惠町旅石,しまむら 宇美店,1.6,10/7〜10/12,,,,33.5745322,130.50311,https://tokubai.co.jp/%E3%81%97%E3%81%BE%E3%82%80%E3%82%89/87888/leaflets/106833427
8112221,〒811-2221 福岡県糟屋郡須惠町旅石,業務スーパー 志免町店,1.8,10/1〜10/31,あり,,,33.5883551,130.4778799,https://tokubai.co.jp/%E6%A5%AD%E5%8B%99%E3%82%B9%E3%83%BC%E3%83%91%E3%83%BC/290761/leaflets/105607731
8112221,〒811-2221 福岡県糟屋郡須惠町旅石,イオン 福岡店,1.9,10/9〜10/12,あり,,,33.596972,130.480497,https://tokubai.co.jp/%E3%82%A4%E3%82%AA%E3%83%B3/14837/leaflets/106859943
8112221,〒811-2221 福岡県糟屋郡須惠町旅石,肉のひみつ基地 東月隈店,2.3,10/8〜10/12,あり,7,,33.5800017,130.4751243,https://tokubai.co.jp/%E8%82%89%E3%81%AE%E3%81%B2%E3%81%BF%E3%81%A4%E5%9F%BA%E5%9C%B0/26577/leaflets/106945237
8112221,〒811-2221 福岡県糟屋郡須惠町旅石,アルゾ 宇美店,2.3,10/5〜10/11,あり,105,,33.5761248,130.5172421,https://tokubai.co.jp/%E3%82%A2%E3%83%AB%E3%82%BE/262389/leaflets/106527166
8112221,〒811-2221 福岡県糟屋郡須惠町旅石,西鉄ストア 宇美店,2.5,10/6〜10/11,あり,,,33.5694864,130.5121577,https://tokubai.co.jp/%E8%A5%BF%E9%89%84%E3%82%B9%E3%83%88%E3%82%A2/5272/leaflets/106726316
8112221,〒811-2221 福岡県糟屋郡須惠町旅石,ダイレックス 志免店,3.1,10/9〜10/11,あり,,,33.5989831,130.4667501,https://tokubai.co.jp/%E3%83%80%E3%82%A4%E3%83%AC%E3%83%83%E3%82%AF%E3%82%B9/188858/leaflets/106631628
8112221,〒811-2221 福岡県糟屋郡須惠町旅石,ダイレックス 篠栗店,3.7,10/7〜10/12,あり,,,33.620547,130.507048,https://tokubai.co.jp/%E3%83%80%E3%82%A4%E3%83%AC%E3%83%83%E3%82%AF%E3%82%B9/33129/leaflets/106630686
8112221,〒811-2221 福岡県糟屋郡須惠町旅石,マックスバリュ 篠栗店,4,10/8〜10/12,,,,33.621555,130.51379,https://tokubai.co.jp/%E3%83%9E%E3%83%83%E3%82%AF%E3%82%B9%E3%83%90%E3%83%AA%E3%83%A5/14446/leaflets/106792190
8112221,〒811-2221 福岡県糟屋郡須惠町旅石,マルキョウ 篠栗店,4.2,10/7〜10/13,,,,33.6193701802,130.5239997007,https://www.shufoo.net/pntweb/shopDetail/291092/27235353161343/
8112221,〒811-2221 福岡県糟屋郡須惠町旅石,ザ・ビッグ エクスプレス粕屋店,4.5,10/9〜10/12,,,,33.618027,130.465289,https://tokubai.co.jp/%E3%82%B6%E3%83%BB%E3%83%93%E3%83%83%E3%82%B0/14534/leaflets/106931423
8112221,〒811-2221 福岡県糟屋郡須惠町旅石,ザ・ビッグ 福岡東店,4.7,10/9〜10/12,あり,1430,,33.608227,130.453369,https://tokubai.co.jp/%E3%82%B6%E3%83%BB%E3%83%93%E3%83%83%E3%82%B0/14836/leaflets/106861247
8112221,〒811-2221 福岡県糟屋郡須惠町旅石,イオン 乙金店,4.7,10/9〜10/12,あり,566,無料,33.5456524,130.4968391,https://tokubai.co.jp/%E3%82%A4%E3%82%AA%E3%83%B3/115234/leaflets/106859887
8112221,〒811-2221 福岡県糟屋郡須惠町旅石,マックスバリュ 御笠川店,4.7,10/8〜10/12,,,,33.547292,130.483338,https://tokubai.co.jp/%E3%83%9E%E3%83%83%E3%82%AF%E3%82%B9%E3%83%90%E3%83%AA%E3%83%A5/13189/leaflets/106791986
8112221,〒811-2221 福岡県糟屋郡須惠町旅石,マルキョウ 川久保店,4.8,10/7〜10/13,,,,33.5461457471,130.4861034915,https://www.shufoo.net/pntweb/shopDetail/291155/30375953161280/
8112221,〒811-2221 福岡県糟屋郡須惠町旅石,トライアル 宇美店,4.8,10/1〜10/31,,,,33.555167,130.531167,https://www.trial-net.co.jp/shops/6/
8112221,〒811-2221 福岡県糟屋郡須惠町旅石,フードウェイ 板付店,4.9,10/9〜10/15,あり,,,33.570988,130.449111,https://tokubai.co.jp/%E3%83%95%E3%83%BC%E3%83%89%E3%82%A6%E3%82%A7%E3%82%A4/367283/leaflets/106748010
8112221,〒811-2221 福岡県糟屋郡須惠町旅石,マルキョウ 板付店,5.1,10/7〜10/13,,,,33.5609731214,130.4533534948,https://www.shufoo.net/pntweb/shopDetail/291094/12901353161336/
8112221,〒811-2221 福岡県糟屋郡須惠町旅石,サトー食鮮館 山田店,5.3,10/7〜10/12,あり,88,,33.546375,130.470544,https://tokubai.co.jp/%E3%82%B5%E3%83%88%E3%83%BC%E9%A3%9F%E9%AE%AE%E9%A4%A8/18661/leaflets/106611555
8112221,〒811-2221 福岡県糟屋郡須惠町旅石,ダイレックス 大野城店,5.3,10/7〜10/12,あり,,,33.5430569,130.479349,https://tokubai.co.jp/%E3%83%80%E3%82%A4%E3%83%AC%E3%83%83%E3%82%AF%E3%82%B9/33139/leaflets/106630689
8112221,〒811-2221 福岡県糟屋郡須惠町旅石,マルキョウ 松田店,5.4,10/7〜10/13,,,,33.6146889141,130.4488262904,https://www.shufoo.net/pntweb/shopDetail/291148/61675153161349/
8112221,〒811-2221 福岡県糟屋郡須惠町旅石,イオン 大野城店,5.9,10/9〜10/12,あり,,,33.537801,130.4762,https://tokubai.co.jp/%E3%82%A4%E3%82%AA%E3%83%B3/14838/leaflets/106859990
8112221,〒811-2221 福岡県糟屋郡須惠町旅石,ボンラパス 高宮店,8.1,10/9〜10/11,あり,,,33.5665417,130.4139937,https://tokubai.co.jp/%E3%83%9C%E3%83%B3%E3%83%A9%E3%83%91%E3%82%B9/123811/leaflets/106725016
8112221,〒811-2221 福岡県糟屋郡須惠町旅石,ゆめタウン 博多店,8.4,10/8〜10/12,あり,,,33.6111553,130.4114666,https://tokubai.co.jp/%E3%82%86%E3%82%81%E3%82%BF%E3%82%A6%E3%83%B3/84623/leaflets/106840134
1250002,〒125-0002 東京都葛飾区西亀有,ベニースーパー 西亀有店,0.1,10/8〜10/12,あり,,,35.757189,139.839451,https://tokubai.co.jp/%E3%83%99%E3%83%8B%E3%83%BC%E3%82%B9%E3%83%BC%E3%83%91%E3%83%BC/22157/leaflets/106796662
1250002,〒125-0002 東京都葛飾区西亀有,オリンピック 西亀有店,0.6,10/6〜10/11,あり,29,,35.76347578,139.838284,https://tokubai.co.jp/%E3%82%AA%E3%83%AA%E3%83%B3%E3%83%94%E3%83%83%E3%82%AF/265578/leaflets/106730769
1250002,〒125-0002 東京都葛飾区西亀有,全日食チェーン ショッピングサカエ,0.9,10/8〜10/12,あり,5,,35.758991,139.829913,https://tokubai.co.jp/%E5%85%A8%E6%97%A5%E9%A3%9F%E3%83%81%E3%82%A7%E3%83%BC%E3%83%B3/21232/leaflets/106524154
1250002,〒125-0002 東京都葛飾区西亀有,マルエツ 東和店,1.2,10/9〜10/11,あり,64,,35.7687397,139.8379198,https://tokubai.co.jp/%E3%83%9E%E3%83%AB%E3%82%A8%E3%83%84/3567/leaflets/106865166
1250002,〒125-0002 東京都葛飾区西亀有,スーパーオザム 東綾瀬店,1.2,10/9〜10/11,あり,27,,35.7660667,139.8313965,https://tokubai.co.jp/%E3%82%B9%E3%83%BC%E3%83%91%E3%83%BC%E3%82%AA%E3%82%B6%E3%83%A0/182864/leaflets/106843395
1250002,〒125-0002 東京都葛飾区西亀有,業務スーパー 綾瀬店,1.3,10/1〜10/31,あり,,,35.75777651,139.8258489,https://tokubai.co.jp/%E6%A5%AD%E5%8B%99%E3%82%B9%E3%83%BC%E3%83%91%E3%83%BC/290414/leaflets/105607319
1250002,〒125-0002 東京都葛飾区西亀有,サンドラッグ 小菅店,1.3,10/6〜10/12,なし,,,35.7565,139.8258,https://tokubai.co.jp/%E3%82%B5%E3%83%B3%E3%83%89%E3%83%A9%E3%83%83%E3%82%B0/237907/leaflets/106615850
1250002,〒125-0002 東京都葛飾区西亀有,東急ストア 綾瀬店,1.4,10/9〜10/12,なし,,,35.7622718214686,139.825171582937,https://tokubai.co.jp/%E6%9D%B1%E6%80%A5%E3%82%B9%E3%83%88%E3%82%A2/5802/leaflets/106763486
1250002,〒125-0002 東京都葛飾区西亀有,イトーヨーカドー 綾瀬店,1.4,10/10〜10/13,あり,76,,35.76271212,139.8254778,https://tokubai.co.jp/%E3%82%A4%E3%83%88%E3%83%BC%E3%83%A8%E3%83%BC%E3%82%AB%E3%83%89%E3%83%BC/9008/leaflets/106837433
1250002,〒125-0002 東京都葛飾区西亀有,オーケー 綾瀬駅前店,1.4,10/5〜10/11,あり,,,35.76180583,139.8247041,https://tokubai.co.jp/%E3%82%AA%E3%83%BC%E3%82%B1%E3%83%BC/366806/leaflets/106606859
1250002,〒125-0002 東京都葛飾区西亀有,スーパーベルクス 足立東和店,1.6,10/10〜10/16,あり,,,35.7722078440498,139.840001471164,https://tokubai.co.jp/%E3%82%B9%E3%83%BC%E3%83%91%E3%83%BC%E3%83%99%E3%83%AB%E3%82%AF%E3%82%B9/237366/leaflets/106899943
1250002,〒125-0002 東京都葛飾区西亀有,ツルハドラッグ 足立綾瀬店,1.8,10/10〜10/19,,,,35.76966,139.82606,https://tokubai.co.jp/%E3%83%84%E3%83%AB%E3%83%8F%E3%83%89%E3%83%A9%E3%83%83%E3%82%B0/74727/leaflets/106781023
1250002,〒125-0002 東京都葛飾区西亀有,ワイズ＊ディスカ 北綾瀬店,2.2,10/10〜10/16,なし,,,35.776333,139.8320945,https://tokubai.co.jp/%E3%83%AF%E3%82%A4%E3%82%BA%EF%BC%8A%E3%83%87%E3%82%A3%E3%82%B9%E3%82%AB/193245/leaflets/106945640
1250002,〒125-0002 東京都葛飾区西亀有,サミット ららテラス北綾瀬店,2.3,10/9〜10/12,あり,200,,35.7777582,139.8315348,https://tokubai.co.jp/%E3%82%B5%E3%83%9F%E3%83%83%E3%83%88/292104/leaflets/106823797
1250002,〒125-0002 東京都葛飾区西亀有,トップ フレッシュマーケット大谷田店,2.3,10/6〜10/11,,,,35.778072,139.844426,https://tokubai.co.jp/%E3%83%88%E3%83%83%E3%83%97/14442/leaflets/106723799
1250002,〒125-0002 東京都葛飾区西亀有,いなげや 金町店,2.4,10/10〜10/13,あり,95,,35.7698593,139.8619876,https://tokubai.co.jp/%E3%81%84%E3%81%AA%E3%81%92%E3%82%84/26878/leaflets/106844477
1250002,〒125-0002 東京都葛飾区西亀有,グルメシティ 柴又店,2.5,10/1〜10/31,,,,35.75909365,139.8678997,https://tokubai.co.jp/%E3%82%B0%E3%83%AB%E3%83%A1%E3%82%B7%E3%83%86%E3%82%A3/7959/leaflets/106116375
1250002,〒125-0002 東京都葛飾区西亀有,全日食チェーン 丸玉屋,2.6,10/2〜10/31,あり,1,,35.752906,139.867428,https://tokubai.co.jp/%E5%85%A8%E6%97%A5%E9%A3%9F%E3%83%81%E3%82%A7%E3%83%BC%E3%83%B3/20097/leaflets/106605725
1250002,〒125-0002 東京都葛飾区西亀有,しまむら 加平店,2.6,10/7〜10/12,,,,35.7787939,139.825974,https://tokubai.co.jp/%E3%81%97%E3%81%BE%E3%82%80%E3%82%89/88031/leaflets/106833568
1250002,〒125-0002 東京都葛飾区西亀有,サミット 五反野店,3,10/9〜10/12,あり,82,,35.7673348,139.8089114,https://tokubai.co.jp/%E3%82%B5%E3%83%9F%E3%83%83%E3%83%88/7289/leaflets/106823983
1250002,〒125-0002 東京都葛飾区西亀有,イオン 西新井店,4.9,10/9〜10/31,あり,240,,35.77760312,139.7908945,https://tokubai.co.jp/%E3%82%A4%E3%82%AA%E3%83%B3/7427/leaflets/107014088
1250002,〒125-0002 東京都葛飾区西亀有,マックスバリュ エクスプレス保木間店,4.9,10/1〜10/31,,,,35.794604,139.809608,https://tokubai.co.jp/%E3%83%9E%E3%83%83%E3%82%AF%E3%82%B9%E3%83%90%E3%83%AA%E3%83%A5/13255/leaflets/106146372
1250002,〒125-0002 東京都葛飾区西亀有,マックスバリュ 竹の塚店,5.6,10/10〜10/12,,,,35.793771,139.796401,https://tokubai.co.jp/%E3%83%9E%E3%83%83%E3%82%AF%E3%82%B9%E3%83%90%E3%83%AA%E3%83%A5/13246/leaflets/106840622
1250002,〒125-0002 東京都葛飾区西亀有,ダイレックス 戸ケ崎店,5.6,10/7〜10/12,あり,,,35.802954,139.868072,https://tokubai.co.jp/%E3%83%80%E3%82%A4%E3%83%AC%E3%83%83%E3%82%AF%E3%82%B9/177980/leaflets/106631454
1250002,〒125-0002 東京都葛飾区西亀有,イオンスタイル 竹の塚,5.8,10/8〜10/12,あり,250,"1,000円(税抜)以上お買上げで60分無料",35.7953968,139.7954055,https://tokubai.co.jp/%E3%82%A4%E3%82%AA%E3%83%B3%E3%82%B9%E3%82%BF%E3%82%A4%E3%83%AB/298506/leaflets/106946624
1250002,〒125-0002 東京都葛飾区西亀有,イオンフードスタイル 墨田横川店,6.3,10/10〜10/12,,,,35.70448,139.81797,https://tokubai.co.jp/%E3%82%A4%E3%82%AA%E3%83%B3%E3%83%95%E3%83%BC%E3%83%89%E3%82%B9%E3%82%BF%E3%82%A4%E3%83%AB/289312/leaflets/106840578
1250002,〒125-0002 東京都葛飾区西亀有,マックスバリュ エクスプレス松島店,6.4,10/1〜10/31,,,,35.703865,139.865327,https://tokubai.co.jp/%E3%83%9E%E3%83%83%E3%82%AF%E3%82%B9%E3%83%90%E3%83%AA%E3%83%A5/13253/leaflets/106146371
1250002,〒125-0002 東京都葛飾区西亀有,マックスバリュ エクスプレス亀戸センタープラザ店,6.6,10/1〜10/31,,,,35.6987371,139.8290162,https://tokubai.co.jp/%E3%83%9E%E3%83%83%E3%82%AF%E3%82%B9%E3%83%90%E3%83%AA%E3%83%A5/13266/leaflets/106116398
1250002,〒125-0002 東京都葛飾区西亀有,イオンスタイル リーフシティ市川,6.8,10/8〜10/12,あり,165,,35.7257406,139.903669,https://tokubai.co.jp/%E3%82%A4%E3%82%AA%E3%83%B3%E3%82%B9%E3%82%BF%E3%82%A4%E3%83%AB/371158/leaflets/106946626
1250002,〒125-0002 東京都葛飾区西亀有,マックスバリュ エクスプレス市川店,7.2,10/10〜10/12,,,,35.729955,139.9115167,https://tokubai.co.jp/%E3%83%9E%E3%83%83%E3%82%AF%E3%82%B9%E3%83%90%E3%83%AA%E3%83%A5/13257/leaflets/106840623
8560041,〒856-0041 長崎県大村市徳泉川内町,マックスバリュ 大村諏訪店,1.4,10/8〜10/12,,,,32.921084,129.966446,https://tokubai.co.jp/%E3%83%9E%E3%83%83%E3%82%AF%E3%82%B9%E3%83%90%E3%83%AA%E3%83%A5/14491/leaflets/106792273
8560041,〒856-0041 長崎県大村市徳泉川内町,ドラッグストアモリ 大村駅前店,1.7,10/4〜10/10,あり,75,,32.9112139,129.9619018,https://tokubai.co.jp/%E3%83%89%E3%83%A9%E3%83%83%E3%82%B0%E3%82%B9%E3%83%88%E3%82%A2%E3%83%A2%E3%83%AA/279223/leaflets/106599509
8560041,〒856-0041 長崎県大村市徳泉川内町,ダイレックス 木場店,1.9,10/7〜10/12,あり,,,32.898677,129.974315,https://tokubai.co.jp/%E3%83%80%E3%82%A4%E3%83%AC%E3%83%83%E3%82%AF%E3%82%B9/33191/leaflets/106631382
8560041,〒856-0041 長崎県大村市徳泉川内町,サンドラッグ 大村店,2.3,10/6〜10/11,あり,,,32.9068,129.9572,https://tokubai.co.jp/%E3%82%B5%E3%83%B3%E3%83%89%E3%83%A9%E3%83%83%E3%82%B0/257657/leaflets/106615858
8560041,〒856-0041 長崎県大村市徳泉川内町,ドラッグストアコスモス 池田店,2.3,10/2〜10/15,あり,,,32.92984844,129.963245,https://tokubai.co.jp/%E3%83%89%E3%83%A9%E3%83%83%E3%82%B0%E3%82%B9%E3%83%88%E3%82%A2%E3%82%B3%E3%82%B9%E3%83%A2%E3%82%B9/29319/leaflets/105675441
8560041,〒856-0041 長崎県大村市徳泉川内町,エレナ 久原店,2.4,10/6〜10/11,あり,134,,32.895445,129.968444,https://tokubai.co.jp/%E3%82%A8%E3%83%AC%E3%83%8A/32740/leaflets/106100872
8560041,〒856-0041 長崎県大村市徳泉川内町,ドラッグストアコスモス 大村幸町店,2.5,10/2〜10/15,あり,,,32.9034002,129.9567536,https://tokubai.co.jp/%E3%83%89%E3%83%A9%E3%83%83%E3%82%B0%E3%82%B9%E3%83%88%E3%82%A2%E3%82%B3%E3%82%B9%E3%83%A2%E3%82%B9/258568/leaflets/105674379
8560041,〒856-0041 長崎県大村市徳泉川内町,エレナ 大村中央店,2.6,10/6〜10/11,あり,380,,32.9118408,129.952426,https://tokubai.co.jp/%E3%82%A8%E3%83%AC%E3%83%8A/32739/leaflets/106100871
8560041,〒856-0041 長崎県大村市徳泉川内町,ヤマダデンキ テックランド大村店,2.6,10/10〜10/16,あり,,,32.902437,129.956675,https://tokubai.co.jp/%E3%83%A4%E3%83%9E%E3%83%80%E3%83%87%E3%83%B3%E3%82%AD/28102/leaflets/106998556
8560041,〒856-0041 長崎県大村市徳泉川内町,イオン 大村店,2.9,10/9〜10/12,あり,1400,無料駐車場完備,32.901345,129.953922,https://tokubai.co.jp/%E3%82%A4%E3%82%AA%E3%83%B3/14852/leaflets/106859917
8560041,〒856-0041 長崎県大村市徳泉川内町,ゆめマート 新大村店,2.9,10/8〜10/13,あり,110,,32.933958,129.9594259,https://tokubai.co.jp/%E3%82%86%E3%82%81%E3%83%9E%E3%83%BC%E3%83%88/267440/leaflets/106797673
8560041,〒856-0041 長崎県大村市徳泉川内町,ユニクロ 大村松並店,3,10/9〜10/15,,,,32.9199889,129.94869,https://tokubai.co.jp/%E3%83%A6%E3%83%8B%E3%82%AF%E3%83%AD/87668/leaflets/106975941
8560041,〒856-0041 長崎県大村市徳泉川内町,ドラッグストアコスモス 大村店,3,10/2〜10/15,あり,,,32.91432387,129.9474093,https://tokubai.co.jp/%E3%83%89%E3%83%A9%E3%83%83%E3%82%B0%E3%82%B9%E3%83%88%E3%82%A2%E3%82%B3%E3%82%B9%E3%83%A2%E3%82%B9/28880/leaflets/105674387
8560041,〒856-0041 長崎県大村市徳泉川内町,トライアル 大村店,3.1,10/1〜10/31,,,,32.921116,129.947235,https://www.trial-net.co.jp/shops/96
8560041,〒856-0041 長崎県大村市徳泉川内町,マルキョウ 大村松並店,3.1,10/7〜10/13,,,,32.921116,129.947235,https://www.shufoo.net/pntweb/shopDetail/291138/83330753161308/
8560041,〒856-0041 長崎県大村市徳泉川内町,ワークマンプラス 大村店,3.6,9/30〜3/31,,,,32.9286927,129.9454921,https://tokubai.co.jp/%E3%83%AF%E3%83%BC%E3%82%AF%E3%83%9E%E3%83%B3%E3%83%97%E3%83%A9%E3%82%B9/265424/leaflets/106457256
8560041,〒856-0041 長崎県大村市徳泉川内町,マックスバリュ 空港通り店,3.8,10/8〜10/12,,,,32.928232,129.942747,https://tokubai.co.jp/%E3%83%9E%E3%83%83%E3%82%AF%E3%82%B9%E3%83%90%E3%83%AA%E3%83%A5/14489/leaflets/106792287
8560041,〒856-0041 長崎県大村市徳泉川内町,かとりストア 原口店,3.8,10/8〜10/11,あり,80,駐車料無料,32.935528,129.947388,https://tokubai.co.jp/%E3%81%8B%E3%81%A8%E3%82%8A%E3%82%B9%E3%83%88%E3%82%A2/269562/leaflets/106612526
8560041,〒856-0041 長崎県大村市徳泉川内町,ダイレックス 大村店,4.2,10/7〜10/11,あり,,,32.92960115,129.938109,https://tokubai.co.jp/%E3%83%80%E3%82%A4%E3%83%AC%E3%83%83%E3%82%AF%E3%82%B9/33192/leaflets/106631664
8560041,〒856-0041 長崎県大村市徳泉川内町,エレナ 竹松店,4.4,10/6〜10/11,あり,127,,32.94448007,129.9482747,https://tokubai.co.jp/%E3%82%A8%E3%83%AC%E3%83%8A/32738/leaflets/106100870
8560041,〒856-0041 長崎県大村市徳泉川内町,業務スーパー 大村店,4.5,10/1〜10/31,あり,,,32.93422683,129.9373326,https://tokubai.co.jp/%E6%A5%AD%E5%8B%99%E3%82%B9%E3%83%BC%E3%83%91%E3%83%BC/290787/leaflets/105608667
8560041,〒856-0041 長崎県大村市徳泉川内町,しまむら 大村北店,4.5,10/7〜10/12,,,,32.9308757,129.936314,https://tokubai.co.jp/%E3%81%97%E3%81%BE%E3%82%80%E3%82%89/87950/leaflets/106833487
8560041,〒856-0041 長崎県大村市徳泉川内町,サンドラッグ 富の原店,5.2,10/6〜10/11,あり,,,32.9432,129.9359,https://tokubai.co.jp/%E3%82%B5%E3%83%B3%E3%83%89%E3%83%A9%E3%83%83%E3%82%B0/20773/leaflets/106615668
8560041,〒856-0041 長崎県大村市徳泉川内町,ドラッグストアコスモス 宮小路店,5.5,10/2〜10/15,あり,,,32.95463278,129.9444161,https://tokubai.co.jp/%E3%83%89%E3%83%A9%E3%83%83%E3%82%B0%E3%82%B9%E3%83%88%E3%82%A2%E3%82%B3%E3%82%B9%E3%83%A2%E3%82%B9/29338/leaflets/105674590
8560041,〒856-0041 長崎県大村市徳泉川内町,マックスバリュ 諫早西部台店,7.6,10/8〜10/12,あり,,,32.857807,130.024426,https://tokubai.co.jp/%E3%83%9E%E3%83%83%E3%82%AF%E3%82%B9%E3%83%90%E3%83%AA%E3%83%A5/175394/leaflets/106792229
8560041,〒856-0041 長崎県大村市徳泉川内町,マックスバリュ 溝陸店,7.8,10/8〜10/12,,,,32.85087,130.013139,https://tokubai.co.jp/%E3%83%9E%E3%83%83%E3%82%AF%E3%82%B9%E3%83%90%E3%83%AA%E3%83%A5/14481/leaflets/106792243
8560041,〒856-0041 長崎県大村市徳泉川内町,ダイレックス 西諫早店,8.9,10/8〜10/11,あり,,,32.84073675,130.0149614,https://tokubai.co.jp/%E3%83%80%E3%82%A4%E3%83%AC%E3%83%83%E3%82%AF%E3%82%B9/278880/leaflets/106631703
8560041,〒856-0041 長崎県大村市徳泉川内町,ダイレックス 多良見店,9.3,10/7〜10/12,あり,,,32.8312058,129.9889781,https://tokubai.co.jp/%E3%83%80%E3%82%A4%E3%83%AC%E3%83%83%E3%82%AF%E3%82%B9/259452/leaflets/106631411
8560041,〒856-0041 長崎県大村市徳泉川内町,ドラッグストアコスモス 多良見店,9.5,10/2〜10/15,,,,32.8296686,129.9815816,https://tokubai.co.jp/%E3%83%89%E3%83%A9%E3%83%83%E3%82%B0%E3%82%B9%E3%83%88%E3%82%A2%E3%82%B3%E3%82%B9%E3%83%A2%E3%82%B9/170447/leaflets/105674303
8560041,〒856-0041 長崎県大村市徳泉川内町,マルキョウ 久山台店,9.7,10/7〜10/13,あり,100,,32.8286991,129.9961267,https://www.shufoo.net/pntweb/shopDetail/291147/79469353161320/
